330e812f12d6adf28f055dfdbc173a34,5
331d7b1b5b6950ee77fb1ce2c07358f5,5
332634a1dc2efa10285bf780373a51ad,5
332853f002869abd2f2c285e386e30ed,5
332e1e4da91963be4555d439d0558f7a,5
33386de1bb3b9176e085b027f2db2a1a,5
3339266ee308605635351f750666823e,5
3358c6cd2c860e4ad739b26a97b4b330,5
3367558b23e4ae4e9c01860cddebef1a,5
336e57236c0eb74676bad178c22ae041,5
338071c64385f6dd08a80660c07ef8ad,5
3385ee0b7415c21fc29cc533f4143bcd,5
33b711ab30af29989a95d76cb05eb0fe,5
33bd41c9fd1b8e26f8720b53b9ca501d,5
33c14d64f8d4e1538c46f6090d72e644,5
33d456f0b8cc349b6f1dee4b26aff69b,5
33dce613dc5feb814d3c380d41a8878f,5
3400a1e3b2ae51304f84775517ceae3a,5
341e4bc848858064615ef15400765e62,5
342d644ae641c2b60ab5ecd072eafbb7,5
342eb68886398643c5a36e822a610f91,5
343b9d862c86a2d840bf9b10e9bf06ff,5
343bc9b53096c35d22d9be46a589f7ed,5
344d4222a1cc0c5038a11dbe6d813396,5
345b311aacc6c352967bf04de7de048c,5
345e9b8d66a795cbd53e86f94aa81fa2,5
345f8a31591f7bb670f3e9eb4ade4ddc,5
346122dcf4c49a7e8a950047b82d6e07,5
3489ebf2ba02a931439ca7a22e5c0368,5
349089b97d239f1bfb633dd96b51ca32,5
349dd2d14c531d5bc8df8c1f7de2f9e5,5
34a2056d33587f85454aac3861f0a9b1,5
34aede8a33284cddc447ffd23ddd7841,5
34c11a378cefd2d174acc98ccd3c5f26,5
34cd30c5ca289c09bcf1471cb206e39d,5
34d737a0d07277088d5e50fa5b4293e9,5
34e6ca5b9a011775f7e8176352ef87a3,5
34ea426e9719dc38bd5dce0739a2bafe,5
34f14e516d37a3fd4e1219886c4058c8,5
3503f1397cb9bee0d9684a7ca4c1c315,5
350d4c7a3b4f3326c1515d790364d99d,5
3510bdeccbccfc97a5238be65ce1ec42,5
3517dd2676c743223decff15f4a8d7ad,5
35399b40d0d9fc52437fd495e32030e1,5
353a70bbe2ec32465f3f158b1c07d97c,5
3559d34de4b0a0ab1714b25d002e9ac2,5
3560a0d3defc7184f332129a9b3832d9,5
35696d3f08a313bf9ea034272b03ec76,5
356cb652c7d773f3fc08ac356e6b47e4,5
356d697647a480562c4e2e921b13f8ed,5
35829169d5daca6a090b9cf2d8745a20,5
3582b3941a7c3473d5660755cf635936,5
35a9f25b5a0546f39a4f1db6ef85e4fe,5
35bc7a5f9e8187944ce713ff6cfd37cf,5
35d760efdbfaf86337fe33756a6f60a4,5
35d9cb60e3dbf56596015c4a2f5536e6,5
35e3cbfa37542e13678acd3c4de2028d,5
35ffb62b06ef52e280c45dc03debe338,5
